{"cameraMode":{"drawMode":0,"name":"Shaded","section":"Shading Mode"},"sceneLighting":true,"audioPlay":false,"sceneViewState":{"m_AlwaysRefresh":false,"showFog":true,"showSkybox":true,"showFlares":true,"showImageEffects":true,"showParticleSystems":true,"showVisualEffectGraphs":true,"m_FxEnabled":true},"in2DMode":false,"pivot":{"x":147.62203979492188,"y":11.631978034973145,"z":-112.29405212402344},"rotation":{"x":0.010149691253900528,"y":-0.8194243907928467,"z":-0.014484640210866928,"w":-0.5729647278785706},"size":141.76512145996095,"orthographic":false}