{"cameraMode":{"drawMode":0,"name":"Shaded","section":"Shading Mode"},"sceneLighting":true,"audioPlay":false,"sceneViewState":{"m_AlwaysRefresh":false,"showFog":true,"showSkybox":true,"showFlares":true,"showImageEffects":true,"showParticleSystems":true,"showVisualEffectGraphs":true,"m_FxEnabled":true},"in2DMode":false,"pivot":{"x":117.60926818847656,"y":-156.47042846679688,"z":0.8886622190475464},"rotation":{"x":-0.23203182220458985,"y":-0.6373255848884583,"z":0.2100316882133484,"w":-0.7042155861854553},"size":141.76512145996095,"orthographic":false}